col_id	kingdom	phylum	class	order	family	genus
COL1	Bacteria	Bacteroidota	Bacteroidia	Bacteroidales	Prevotellaceae	Segatella
COL2	Bacteria	Bacillota	Bacilli	Erysipelotrichales	Erysipelatoclostridiaceae	Catenibacterium
COL3	Bacteria	Bacillota	Clostridia	Lachnospirales	Lachnospiraceae	Agathobacter
COL4	Bacteria	Actinomycetota	Actinobacteria	Bifidobacteriales	Bifidobacteriaceae	Bifidobacterium
COL5	Bacteria	Bacillota	Bacilli	Lactobacillales	Lactobacillaceae	Ligilactobacillus
COL6	Bacteria	Bacillota	Bacilli	Erysipelotrichales	Erysipelotrichaceae	Holdemanella
COL7	Bacteria	Bacillota	Clostridia	Oscillospirales	Ruminococcaceae	Faecalibacterium
COL8	Bacteria	Pseudomonadota	Gammaproteobacteria	Enterobacterales	Succinivibrionaceae	Succinivibrio
COL9	Bacteria	Bacillota	Clostridia	Clostridiales	Clostridiaceae	Clostridium
COL10	Bacteria	Bacillota	Clostridia	Oscillospirales	Ruminococcaceae	Ruminococcus
COL11	Bacteria	Bacillota	Clostridia	Lachnospirales	Lachnospiraceae	Roseburia
COL12	Bacteria	Bacillota	Clostridia	Lachnospirales	Lachnospiraceae	Dorea
COL13	Bacteria	Bacillota	Clostridia	Lachnospirales	Lachnospiraceae	Blautia
COL14	Bacteria	Bacillota	Clostridia	Lachnospirales	Lachnospiraceae	Fusicatenibacter
COL15	Bacteria	Bacillota	Bacilli	Lactobacillales	Streptococcaceae	Streptococcus
COL16	Bacteria	Bacillota	Clostridia	Lachnospirales	Lachnospiraceae	Mediterraneibacter
COL17	Bacteria	Bacillota	Clostridia	Oscillospirales	Ruminococcaceae	Gemmiger
COL18	Bacteria	Bacteroidota	Bacteroidia	Bacteroidales	Bacteroidaceae	Bacteroides
COL19	Bacteria	Bacillota	Clostridia	Lachnospirales	Lachnospiraceae	Anaerostipes
COL20	Bacteria	Bacteroidota	Bacteroidia	Bacteroidales	Prevotellaceae	Leyella
COL21	Bacteria	Fusobacteriota	Fusobacteriia	Fusobacteriales	Fusobacteriaceae	Fusobacterium
COL22	Bacteria	Bacillota	Clostridia	Oscillospirales	Butyricicoccaceae	Agathobaculum
COL23	Bacteria	Bacillota	Clostridia	Lachnospirales	Lachnospiraceae	Lachnospira
COL24	Bacteria	Pseudomonadota	Gammaproteobacteria	Enterobacterales	Enterobacteriaceae	Klebsiella
COL25	Bacteria	Bacillota	Clostridia	Lachnospirales	Lachnospiraceae	Coprococcus
COL26	Bacteria	Spirochaetota	Spirochaetia	Spirochaetales	Spirochaetaceae	Treponema
COL27	Bacteria	Bacillota	Bacilli	Acholeplasmatales	Acholeplasmataceae	Anaeroplasma
COL28	Bacteria	Bacillota	Clostridia	Lachnospirales	Lachnospiraceae	Lachnoclostridium
COL29	Bacteria	Bacillota	Bacilli	Lactobacillales	Enterococcaceae	Enterococcus
COL30	Bacteria	Bacillota	Clostridia	Christensenellales	Christensenellaceae	NA
COL31	Bacteria	Pseudomonadota	Gammaproteobacteria	Enterobacterales	Succinivibrionaceae	Ruminobacter
COL32	Bacteria	Bacillota	Clostridia	Monoglobales	Monoglobaceae	Monoglobus
COL33	Bacteria	Bacillota	Clostridia	Lachnospirales	Lachnospiraceae	Anaerobutyricum
COL34	Bacteria	Verrucomicrobiota	Verrucomicrobiia	Verrucomicrobiales	Akkermansiaceae	Akkermansia
COL35	Bacteria	Pseudomonadota	Gammaproteobacteria	Burkholderiales	Sutterellaceae	Parasutterella
COL36	Bacteria	Bacteroidota	Bacteroidia	Bacteroidales	Tannerellaceae	Parabacteroides
COL37	Bacteria	Bacillota	Negativicutes	Acidaminococcales	Acidaminococcaceae	Phascolarctobacterium
COL38	Bacteria	Bacillota	Clostridia	Lachnospirales	Lachnospiraceae	Butyrivibrio
COL39	Bacteria	Pseudomonadota	Gammaproteobacteria	Enterobacterales	Pasteurellaceae	Mannheimia
COL40	Bacteria	Pseudomonadota	Gammaproteobacteria	Enterobacterales	Enterobacteriaceae	Enterobacter
COL41	Bacteria	Bacillota	Clostridia	Oscillospirales	Oscillospiraceae	Colidextribacter
COL42	Bacteria	Bacillota	Clostridia	Lachnospirales	Lachnospiraceae	NA
COL43	Bacteria	Bacillota	Bacilli	Erysipelotrichales	Erysipelatoclostridiaceae	Thomasclavelia
COL44	Bacteria	Pseudomonadota	Gammaproteobacteria	Burkholderiales	Sutterellaceae	Sutterella
COL45	Bacteria	Bacteroidota	Bacteroidia	Bacteroidales	Rikenellaceae	Alistipes
COL46	Bacteria	Cyanobacteriota	Vampirivibrionia	Gastranaerophilales	Gastranaerophilaceae	Zag_111
COL47	Bacteria	Bacteroidota	Bacteroidia	Bacteroidales	Prevotellaceae	Massiliprevotella
COL48	Bacteria	Pseudomonadota	Gammaproteobacteria	Enterobacterales	Pasteurellaceae	Haemophilus
COL49	Bacteria	Bacillota	Clostridia	Oscillospirales	Oscillospiraceae	Intestinimonas
COL50	Bacteria	Bacillota	Clostridia	Lachnospirales	Lachnospiraceae	Enterocloster
COL51	Bacteria	Bacteroidota	Bacteroidia	Bacteroidales	Marinifilaceae	Odoribacter
COL52	Bacteria	Bacillota	Bacilli	Lactobacillales	Streptococcaceae	Lactococcus
COL53	Bacteria	Bacillota	Bacilli	Erysipelotrichales	Erysipelotrichaceae	Turicibacter
COL54	Bacteria	Bacillota	Clostridia	Lachnospirales	Lachnospiraceae	Marvinbryantia
COL55	Bacteria	Bacillota	Clostridia	Lachnospirales	Lachnospiraceae	Faecalimonas
COL56	Bacteria	Bacillota	Clostridia	Oscillospirales	Ruminococcaceae	Acutalibacter
COL57	Bacteria	Bacillota	Bacilli	Lactobacillales	Lactobacillaceae	Limosilactobacillus
COL58	Bacteria	Bacillota	Clostridia	Lachnospirales	Lachnospiraceae	Oribacterium
COL59	Bacteria	Pseudomonadota	Gammaproteobacteria	Enterobacterales	Pasteurellaceae	Actinobacillus
COL60	Bacteria	Bacillota	Bacilli	Erysipelotrichales	Erysipelatoclostridiaceae	Asteroleplasma
COL61	Bacteria	Bacillota	Clostridia	Oscillospirales	Ruminococcaceae	Fournierella
COL62	Bacteria	Bacillota	Bacilli	Erysipelotrichales	Erysipelotrichaceae	Solobacterium
COL63	Bacteria	Bacillota	Clostridia	Lachnospirales	Lachnospiraceae	Butyribacter
COL64	Bacteria	Bacillota	Clostridia	Lachnospirales	Lachnospiraceae	Howardella
COL65	Bacteria	Bacillota	Clostridia	Oscillospirales	Oscillospiraceae	Flavonifractor
COL66	Bacteria	Pseudomonadota	Gammaproteobacteria	Burkholderiales	Comamonadaceae	NA
COL67	Bacteria	Bacillota	Bacilli	Lactobacillales	Lactobacillaceae	Lactobacillus
COL68	Bacteria	Bacillota	Bacilli	Erysipelotrichales	Erysipelotrichaceae	Catenisphaera
COL69	Bacteria	Bacillota	Bacilli	Erysipelotrichales	Erysipelotrichaceae	Amedibacillus
COL70	Bacteria	Bacillota	Clostridia	Oscillospirales	Ruminococcaceae	NA
COL71	Bacteria	Bacillota	Bacilli	Bacillales	Bacillaceae	Bacillus
COL72	Bacteria	Bacteroidota	Bacteroidia	Bacteroidales	Prevotellaceae	Paraprevotella
COL73	Bacteria	Bacillota	Bacilli	Lactobacillales	Lactobacillaceae	Apilactobacillus
COL74	Bacteria	Bacillota	Clostridia	Peptococcales	Peptococcaceae	Peptococcus
COL75	Bacteria	Actinomycetota	Coriobacteriia	Coriobacteriales	Atopobiaceae	Olsenella
COL76	Bacteria	Bacillota	Bacilli	Lactobacillales	Lactobacillaceae	Weissella
COL77	Bacteria	Pseudomonadota	Alphaproteobacteria	NA	NA	NA
COL78	Bacteria	Pseudomonadota	Gammaproteobacteria	Enterobacterales	Pasteurellaceae	Aggregatibacter
COL79	Bacteria	Bacillota	Clostridia	Clostridiales	Clostridiaceae	Sarcina
COL80	Bacteria	Bacillota	Clostridia	Oscillospirales	Ruminococcaceae	Paludicola
COL81	Bacteria	Thermodesulfobacteriota	Desulfovibrionia	Desulfovibrionales	Desulfovibrionaceae	Desulfovibrio
COL82	Bacteria	Bacillota	Clostridia	Lachnospirales	Lachnospiraceae	Hungatella
COL83	Bacteria	Bacillota	Bacilli	Lactobacillales	Lactobacillaceae	Leuconostoc
COL84	Bacteria	Bacillota	Bacilli	Erysipelotrichales	Erysipelatoclostridiaceae	NA
COL85	Bacteria	Bacillota	Bacilli	Lactobacillales	Lactobacillaceae	Lactiplantibacillus
COL86	Bacteria	Pseudomonadota	Gammaproteobacteria	Enterobacterales	Enterobacteriaceae	Kluyvera
COL87	Bacteria	Bacillota	Negativicutes	Acidaminococcales	Acidaminococcaceae	Acidaminococcus
COL88	Bacteria	Thermodesulfobacteriota	Desulfovibrionia	Desulfovibrionales	Desulfovibrionaceae	Bilophila
COL89	Bacteria	Spirochaetota	Brachyspirae	Brachyspirales	Brachyspiraceae	Brachyspira
COL90	Bacteria	Bacillota	Bacilli	Erysipelotrichales	Erysipelotrichaceae	Absiella
COL91	Bacteria	Actinomycetota	Actinobacteria	Actinomycetales	Actinomycetaceae	Schaalia
COL92	Bacteria	Bacillota	Clostridia	Lachnospirales	Lachnospiraceae	Tyzzerella
COL93	Bacteria	Bacteroidota	Bacteroidia	Bacteroidales	Barnesiellaceae	Barnesiella
COL94	Bacteria	Pseudomonadota	Gammaproteobacteria	Enterobacterales	Enterobacteriaceae	Kosakonia
COL95	Bacteria	Verrucomicrobiota	Lentisphaeria	Victivallales	Victivallaceae	Victivallis
COL96	Bacteria	Bacillota	Clostridia	Oscillospirales	Oscillospiraceae	Oscillibacter
COL97	Bacteria	Bacillota	Bacilli	Erysipelotrichales	Erysipelotrichaceae	Faecalicoccus
COL98	Bacteria	Elusimicrobiota	Elusimicrobia	Elusimicrobiales	Elusimicrobiaceae	Elusimicrobium
COL99	Bacteria	Bacillota	Bacilli	Erysipelotrichales	Erysipelatoclostridiaceae	Massiliomicrobiota
COL100	Bacteria	Bacillota	Clostridia	Oscillospirales	Ruminococcaceae	Subdoligranulum
COL101	Bacteria	Pseudomonadota	Alphaproteobacteria	Sphingomonadales	Sphingomonadaceae	Zymomonas
COL102	Bacteria	Bacillota	Bacilli	Erysipelotrichales	Erysipelotrichaceae	Holdemania
COL103	Bacteria	Bacteroidota	Bacteroidia	Bacteroidales	Marinifilaceae	Butyricimonas
COL104	Bacteria	Bacillota	Clostridia	Oscillospirales	Oscillospiraceae	Oscillospira
COL105	Bacteria	Actinomycetota	Coriobacteriia	Coriobacteriales	Eggerthellaceae	Senegalimassilia
COL106	Bacteria	Synergistota	Synergistia	Synergistales	Synergistaceae	Cloacibacillus
COL107	Bacteria	Pseudomonadota	Gammaproteobacteria	Burkholderiales	Rhodocyclaceae	NA
COL108	Bacteria	Actinomycetota	Coriobacteriia	Coriobacteriales	Atopobiaceae	Parolsenella
COL109	Bacteria	Bacillota	Bacilli	Bacillales	Bacillaceae	Metabacillus
COL110	Bacteria	Bacillota	Clostridia	Oscillospirales	Ruminococcaceae	Caproiciproducens
COL111	Bacteria	Bacillota	Clostridia	Oscillospirales	Oscillospiraceae	NA
COL112	Bacteria	Bacillota	Clostridia	NA	NA	NA
COL113	Bacteria	Actinomycetota	Coriobacteriia	Coriobacteriales	Coriobacteriaceae	Collinsella
COL114	Bacteria	Pseudomonadota	Gammaproteobacteria	Enterobacterales	Pasteurellaceae	NA
COL115	Bacteria	Bacillota	Clostridia	Oscillospirales	Ruminococcaceae	Ruthenibacterium
COL116	Bacteria	Pseudomonadota	Gammaproteobacteria	Burkholderiales	Oxalobacteraceae	Oxalobacter
COL117	Bacteria	Actinomycetota	Coriobacteriia	Coriobacteriales	Atopobiaceae	Tractidigestivibacter
COL118	Bacteria	Fusobacteriota	Fusobacteriia	Fusobacteriales	Leptotrichiaceae	Leptotrichia
COL119	Archaea	Methanobacteriota	Methanobacteria	Methanobacteriales	Methanobacteriaceae	Methanobrevibacter
COL120	Bacteria	Pseudomonadota	Gammaproteobacteria	Enterobacterales	Enterobacteriaceae	Cronobacter
COL121	Bacteria	Bacillota	Clostridia	Oscillospirales	NA	NA
COL122	Bacteria	Pseudomonadota	Gammaproteobacteria	Burkholderiales	Neisseriaceae	Neisseria
COL123	Bacteria	Bacillota	Bacilli	Lactobacillales	Carnobacteriaceae	Granulicatella
COL124	Bacteria	Bacillota	Clostridia	Oscillospirales	Ruminococcaceae	Negativibacillus
COL125	Bacteria	Bacillota	Clostridia	Eubacteriales	Eubacteriaceae	Eubacterium
COL126	Bacteria	Pseudomonadota	Gammaproteobacteria	Enterobacterales	Enterobacteriaceae	Plesiomonas
COL127	Bacteria	Bacillota	Clostridia	Oscillospirales	Oscillospiraceae	Ruminiclostridium
COL128	Bacteria	Actinomycetota	Coriobacteriia	Coriobacteriales	Eggerthellaceae	Asaccharobacter
COL129	Bacteria	Bacillota	Clostridia	Eubacteriales	Anaerofustaceae	Anaerofustis
COL130	Bacteria	Pseudomonadota	Gammaproteobacteria	Enterobacterales	Enterobacteriaceae	NA
COL131	Bacteria	Fusobacteriota	Fusobacteriia	Fusobacteriales	Fusobacteriaceae	Cetobacterium
COL132	Bacteria	Verrucomicrobiota	Verrucomicrobiia	Opitutales	Puniceicoccaceae	Ruficoccus
COL133	Bacteria	Bacteroidota	Bacteroidia	Bacteroidales	Barnesiellaceae	Coprobacter
COL134	Bacteria	Bacillota	Clostridia	Oscillospirales	Oscillospiraceae	Papillibacter
COL135	Bacteria	Bacillota	Clostridia	Lachnospirales	Lachnospiraceae	Anaerotignum
COL136	Bacteria	Bacillota	Clostridia	Lachnospirales	Lachnospiraceae	Cellulosilyticum
COL137	Bacteria	Actinomycetota	Actinobacteria	Micrococcales	Micrococcaceae	Rothia
COL138	Bacteria	Bacillota	Bacilli	Staphylococcales	Gemellaceae	Gemella
COL139	Bacteria	Bacillota	Clostridia	Lachnospirales	Lachnospiraceae	Sellimonas
COL140	Bacteria	Actinomycetota	Coriobacteriia	Coriobacteriales	Eggerthellaceae	Slackia
COL141	Bacteria	Bacillota	Clostridia	Oscillospirales	Butyricicoccaceae	Butyricicoccus
COL142	Bacteria	Bacillota	Clostridia	Oscillospirales	Ruminococcaceae	Angelakisella
COL143	Bacteria	Actinomycetota	Coriobacteriia	Coriobacteriales	Atopobiaceae	Fannyhessea
COL144	Bacteria	Bacillota	Clostridia	Lachnospirales	Lachnospiraceae	Frisingicoccus
COL145	Bacteria	Actinomycetota	Actinobacteria	Actinomycetales	Actinomycetaceae	Varibaculum
COL146	Bacteria	Bacillota	Clostridia	Lachnospirales	Lachnospiraceae	Faecalicatena
COL147	Bacteria	Bacillota	Bacilli	Lactobacillales	Lactobacillaceae	Liquorilactobacillus
COL148	Bacteria	Pseudomonadota	Gammaproteobacteria	Enterobacterales	Aeromonadaceae	Aeromonas
COL149	Bacteria	Bacillota	Bacilli	Erysipelotrichales	Erysipelotrichaceae	Dielma
COL150	Bacteria	Bacteroidota	Bacteroidia	Bacteroidales	Prevotellaceae	NA
COL151	Bacteria	Actinomycetota	Coriobacteriia	Coriobacteriales	Eggerthellaceae	Eggerthella
COL152	Archaea	Methanobacteriota	Methanobacteria	Methanobacteriales	Methanobacteriaceae	Methanosphaera
COL153	Bacteria	Pseudomonadota	NA	NA	NA	NA
COL154	Bacteria	Bacillota	Clostridia	Christensenellales	Christensenellaceae	Christensenella
COL155	Bacteria	Bacillota	Bacilli	Erysipelotrichales	Erysipelatoclostridiaceae	Sharpea
COL156	Bacteria	Synergistota	Synergistia	Synergistales	Synergistaceae	Synergistes
COL157	Bacteria	Pseudomonadota	Gammaproteobacteria	Enterobacterales	Morganellaceae	Morganella
COL158	Bacteria	Actinomycetota	Actinobacteria	Bifidobacteriales	Bifidobacteriaceae	Scardovia
COL159	Bacteria	Bacteroidota	Bacteroidia	Bacteroidales	Prevotellaceae	Prevotella
COL160	Bacteria	Pseudomonadota	Gammaproteobacteria	Pseudomonadales	Moraxellaceae	Acinetobacter
COL161	Bacteria	Actinomycetota	Actinobacteria	Bifidobacteriales	Bifidobacteriaceae	Gardnerella
COL162	Bacteria	Bacillota	Bacilli	Lactobacillales	Vagococcaceae	Vagococcus
COL163	Bacteria	Bacillota	Clostridia	Lachnospirales	Lachnospiraceae	Muricomes
COL164	Bacteria	Pseudomonadota	Alphaproteobacteria	Rhodospirillales	NA	NA
COL165	Bacteria	Fusobacteriota	Fusobacteriia	Fusobacteriales	Leptotrichiaceae	Oceanivirga
COL166	Bacteria	Actinomycetota	Coriobacteriia	Coriobacteriales	Eggerthellaceae	Adlercreutzia
COL167	Bacteria	NA	NA	NA	NA	NA
COL168	Bacteria	Bacillota	Bacilli	Lactobacillales	Lactobacillaceae	Lentilactobacillus
COL169	Bacteria	Pseudomonadota	Gammaproteobacteria	Burkholderiales	Sutterellaceae	Turicimonas
COL170	Bacteria	Pseudomonadota	Gammaproteobacteria	Enterobacterales	Succinivibrionaceae	NA
COL171	Bacteria	Bacillota	Bacilli	Staphylococcales	Staphylococcaceae	Staphylococcus
COL172	Bacteria	Bacillota	Bacilli	Erysipelotrichales	Erysipelotrichaceae	Merdibacter
COL173	Bacteria	Bacillota	Clostridia	Lachnospirales	NA	NA
COL174	Bacteria	Bacillota	Bacilli	Lactobacillales	Lactobacillaceae	Fructobacillus
COL175	Bacteria	Actinomycetota	Actinobacteria	Mycobacteriales	Corynebacteriaceae	Corynebacterium
COL176	Bacteria	Actinomycetota	Actinobacteria	Mycobacteriales	Nocardiaceae	Rhodococcus
COL177	Bacteria	Bacillota	Bacilli	Lactobacillales	Lactobacillaceae	Oenococcus
COL178	Bacteria	Actinomycetota	Coriobacteriia	Coriobacteriales	Eggerthellaceae	CHKCI002
COL179	Bacteria	Fusobacteriota	Fusobacteriia	Fusobacteriales	Leptotrichiaceae	Sneathia
COL180	Bacteria	Actinomycetota	Coriobacteriia	Coriobacteriales	Eggerthellaceae	NA
COL181	Bacteria	Thermodesulfobacteriota	Desulfovibrionia	Desulfovibrionales	Desulfovibrionaceae	Mailhella
COL182	Bacteria	Bacillota	Clostridia	Oscillospirales	Ruminococcaceae	Phocea
COL183	Bacteria	Pseudomonadota	Gammaproteobacteria	Cardiobacteriales	Wohlfahrtiimonadaceae	Ignatzschineria
COL184	Bacteria	Campylobacterota	Campylobacteria	Campylobacterales	Campylobacteraceae	Campylobacter
COL185	Bacteria	Bacillota	Bacilli	Lactobacillales	Lactobacillaceae	Lacticaseibacillus
COL186	Bacteria	Bacillota	Bacilli	Erysipelotrichales	Erysipelatoclostridiaceae	Coprobacillus
COL187	Bacteria	Actinomycetota	Actinobacteria	Actinomycetales	Actinomycetaceae	Actinomyces
COL188	Bacteria	Actinomycetota	Actinobacteria	Propionibacteriales	Nocardioidaceae	Nocardioides
COL189	Bacteria	Bacteroidota	Bacteroidia	NA	NA	NA
COL190	Bacteria	Bacillota	Clostridia	Oscillospirales	Oscillospiraceae	Fastidiosipila
COL191	Bacteria	Bacteroidota	Bacteroidia	Bacteroidales	Muribaculaceae	Muribaculum
COL192	Bacteria	Bacillota	Bacilli	Lactobacillales	Aerococcaceae	Abiotrophia
COL193	Bacteria	Bacillota	Bacilli	Erysipelotrichales	Erysipelotrichaceae	Allobaculum
COL194	Bacteria	Actinomycetota	Actinobacteria	Propionibacteriales	Propionibacteriaceae	Propionibacterium
COL195	Bacteria	Bacillota	Bacilli	Bacillales	Bacillaceae	Anoxybacillus
COL196	Bacteria	Pseudomonadota	Gammaproteobacteria	Enterobacterales	Succinivibrionaceae	Succinatimonas
COL197	Bacteria	Deinococcota	Deinococci	Deinococcales	Deinococcaceae	Deinococcus
COL198	Bacteria	Actinomycetota	Actinobacteria	Propionibacteriales	Propionibacteriaceae	Microlunatus
COL199	Bacteria	Bacillota	Bacilli	Erysipelotrichales	Erysipelatoclostridiaceae	Eggerthia
COL200	Bacteria	Spirochaetota	Spirochaetia	Spirochaetales	Spirochaetaceae	Sphaerochaeta
COL201	Bacteria	Bacillota	Bacilli	Paenibacillales	Paenibacillaceae	Paenibacillus
COL202	Bacteria	Synergistota	Synergistia	Synergistales	Synergistaceae	Pyramidobacter
COL203	Bacteria	Pseudomonadota	Gammaproteobacteria	Enterobacterales	Morganellaceae	Proteus
COL204	Bacteria	Patescibacteria	Saccharimonadia	Saccharimonadales	Saccharimonadaceae	TM7x
COL205	Bacteria	Bacillota	Bacilli	NA	NA	NA
COL206	Bacteria	Pseudomonadota	Gammaproteobacteria	Burkholderiales	Aquaspirillaceae	Laribacter
COL207	Bacteria	Actinomycetota	Actinobacteria	Micrococcales	Brevibacteriaceae	Brevibacterium
COL208	Bacteria	Bacillota	Bacilli	Erysipelotrichales	Erysipelotrichaceae	Faecalitalea
COL209	Bacteria	Bacillota	Clostridia	Lachnospirales	Lachnospiraceae	CHKCI001
COL210	Bacteria	Bacillota	Clostridia	Lachnospirales	Lachnospiraceae	Epulopiscium
COL211	Bacteria	Bacillota	Bacilli	Lactobacillales	Lactobacillaceae	Pediococcus
COL212	Bacteria	Bacillota	Clostridia	Lachnospirales	Lachnospiraceae	Extibacter
COL213	Bacteria	Pseudomonadota	Gammaproteobacteria	Enterobacterales	Pasteurellaceae	Conservatibacter
COL214	Bacteria	Bacillota	Bacilli	Lactobacillales	Lactobacillaceae	Loigolactobacillus
COL215	Bacteria	Actinomycetota	Coriobacteriia	Coriobacteriales	Eggerthellaceae	Gordonibacter
COL216	Bacteria	Bacillota	Clostridia	Lachnospirales	Lachnospiraceae	Eisenbergiella
COL217	Bacteria	Pseudomonadota	Alphaproteobacteria	Acetobacterales	Acetobacteraceae	Acetobacter
COL218	Bacteria	Bacillota	Bacilli	Bacillales	NA	NA
COL219	Bacteria	Pseudomonadota	Gammaproteobacteria	Enterobacterales	Morganellaceae	Providencia
COL220	Bacteria	Bacillota	Bacilli	Erysipelotrichales	Erysipelatoclostridiaceae	Longibaculum
COL221	Bacteria	Bacillota	Bacilli	Lactobacillales	Lactobacillaceae	NA
COL222	Bacteria	Bacteroidota	Bacteroidia	Bacteroidales	Prevotellaceae	Hoylesella
COL223	Bacteria	Bacillota	Clostridia	Lachnospirales	Lachnospiraceae	Acetitomaculum
COL224	Bacteria	Bacteroidota	Bacteroidia	Bacteroidales	Porphyromonadaceae	Porphyromonas
COL225	Bacteria	Bacteroidota	Bacteroidia	Flavobacteriales	Weeksellaceae	Ornithobacterium
COL226	Bacteria	Bacillota	Bacilli	Lactobacillales	Lactobacillaceae	Levilactobacillus
COL227	Bacteria	Pseudomonadota	Gammaproteobacteria	Enterobacterales	Enterobacteriaceae	Pseudocitrobacter
COL228	Bacteria	Bacillota	Bacilli	Lactobacillales	NA	NA
COL229	Bacteria	Bacillota	Bacilli	Lactobacillales	Lactobacillaceae	Companilactobacillus
COL230	Bacteria	Actinomycetota	Actinobacteria	Propionibacteriales	Propionibacteriaceae	Propioniciclava
COL231	Bacteria	Actinomycetota	Actinobacteria	Micrococcales	Microbacteriaceae	Microbacterium
COL232	Bacteria	Pseudomonadota	Gammaproteobacteria	Enterobacterales	Enterobacteriaceae	Franconibacter
COL233	Bacteria	Deinococcota	Deinococci	Thermales	Thermaceae	Thermus
COL234	Bacteria	Bacillota	Clostridia	Lachnospirales	Lachnospiraceae	Catenibacillus
COL235	Bacteria	Bacillota	Clostridia	Lachnospirales	Lachnospiraceae	Lactonifactor
COL236	Bacteria	Pseudomonadota	Alphaproteobacteria	Rhodobacterales	Paracoccaceae	Paracoccus
COL237	Bacteria	Actinomycetota	Actinobacteria	Micrococcales	Dermatophilaceae	Dermatophilus
COL238	Bacteria	Bacteroidota	Bacteroidia	Flavobacteriales	Weeksellaceae	Chryseobacterium
COL239	Bacteria	Bacillota	Bacilli	Erysipelotrichales	Erysipelotrichaceae	NA
COL240	Bacteria	Bacteroidota	Bacteroidia	Flavobacteriales	Flavobacteriaceae	Flavobacterium
COL241	Bacteria	Bacillota	Clostridia	Oscillospirales	Oscillospiraceae	Pseudoflavonifractor
COL242	Bacteria	Bacillota	Bacilli	Erysipelotrichales	Erysipelotrichaceae	Dubosiella
COL243	Bacteria	Pseudomonadota	Alphaproteobacteria	Caulobacterales	Caulobacteraceae	Brevundimonas
COL244	Bacteria	Actinomycetota	Actinobacteria	Micrococcales	Microbacteriaceae	Leucobacter
COL245	Bacteria	Bacteroidota	Bacteroidia	Chitinophagales	Chitinophagaceae	Niabella
COL246	Bacteria	Pseudomonadota	Gammaproteobacteria	Lysobacterales	Lysobacteraceae	Stenotrophomonas
COL247	Bacteria	Actinomycetota	Coriobacteriia	Coriobacteriales	Atopobiaceae	Lancefieldella
COL248	Bacteria	Actinomycetota	Actinobacteria	Propionibacteriales	Propionibacteriaceae	Micropruina
COL249	Bacteria	Pseudomonadota	Alphaproteobacteria	Sphingomonadales	Sphingomonadaceae	SD04E11
COL250	Bacteria	Bacillota	Clostridia	Oscillospirales	Oscillospiraceae	Sporobacter
COL251	Bacteria	Bacillota	Bacilli	Bacillales	Bacillaceae	NA
COL252	Bacteria	Bacillota	Clostridia	Oscillospirales	Oscillospiraceae	Pseudoclostridium
COL253	Bacteria	Bacteroidota	Bacteroidia	Sphingobacteriales	Sphingobacteriaceae	Sphingobacterium
COL254	Bacteria	Pseudomonadota	Gammaproteobacteria	Lysobacterales	Lysobacteraceae	Luteimonas
COL255	Bacteria	Bacillota	Bacilli	Brevibacillales	Brevibacillaceae	Brevibacillus
COL256	Bacteria	Actinomycetota	Actinobacteria	Bifidobacteriales	Bifidobacteriaceae	Pseudoscardovia
COL257	Bacteria	Bacillota	NA	NA	NA	NA
COL258	Bacteria	Bacillota	Clostridia	Lachnospirales	Lachnospiraceae	FD2005
COL259	Bacteria	Bacillota	Clostridia	Lachnospirales	Lachnospiraceae	A2
COL260	Bacteria	Bacillota	Clostridia	Oscillospirales	Ruminococcaceae	Anaerotruncus
COL261	Bacteria	Bacillota	Clostridia	Lachnospirales	Lachnospiraceae	ASF356
COL262	Bacteria	Bacillota	Clostridia	Lachnospirales	Lachnospiraceae	Acetatifactor
COL263	Bacteria	Bacillota	Clostridia	Oscillospirales	Ruminococcaceae	Harryflintia
COL264	Bacteria	Pseudomonadota	Gammaproteobacteria	Enterobacterales	Succinivibrionaceae	Anaerobiospirillum
COL265	Bacteria	Pseudomonadota	Gammaproteobacteria	Rickettsiellales	Rickettsiellaceae	Rickettsiella
COL266	Bacteria	Pseudomonadota	Gammaproteobacteria	Enterobacterales	Enterobacteriaceae	Citrobacter
COL267	Bacteria	Actinomycetota	Actinobacteria	Bifidobacteriales	Bifidobacteriaceae	NA
COL268	Bacteria	Bacillota	Clostridia	Oscillospirales	Ruminococcaceae	DTU089
COL269	Bacteria	Pseudomonadota	Gammaproteobacteria	Burkholderiales	Neisseriaceae	NA
COL270	Bacteria	Bacillota	Clostridia	Oscillospirales	Ruminococcaceae	Pygmaiobacter
COL271	Bacteria	Chloroflexota	Anaerolineae	Anaerolineales	Anaerolineaceae	Flexilinea
COL272	Bacteria	Pseudomonadota	Gammaproteobacteria	Burkholderiales	Neisseriaceae	Uruburuella
COL273	Bacteria	Pseudomonadota	Gammaproteobacteria	Burkholderiales	NA	NA
COL274	Bacteria	Bacillota	Clostridia	Lachnospirales	Lachnospiraceae	Kineothrix
COL275	Bacteria	Actinomycetota	Actinobacteria	Micrococcales	Microbacteriaceae	Curtobacterium
COL276	Bacteria	Actinomycetota	Actinobacteria	Pseudonocardiales	Pseudonocardiaceae	Saccharopolyspora
COL277	Bacteria	Actinomycetota	Actinobacteria	Micrococcales	Microbacteriaceae	Clavibacter
COL278	Bacteria	Bacillota	Bacilli	Lactobacillales	Lactobacillaceae	Latilactobacillus
COL279	Bacteria	Bacillota	Bacilli	Bacillales	Planococcaceae	Kurthia
COL280	Bacteria	Actinomycetota	Actinobacteria	Micrococcales	Microbacteriaceae	Microterricola
COL281	Bacteria	Actinomycetota	Actinobacteria	Micrococcales	Dermabacteraceae	Brachybacterium
COL282	Bacteria	Actinomycetota	Actinobacteria	Micrococcales	Microbacteriaceae	Frigoribacterium
COL283	Bacteria	Actinomycetota	Actinobacteria	Micrococcales	Sanguibacteraceae	Sanguibacter
COL284	Bacteria	Bacillota	Bacilli	Staphylococcales	Staphylococcaceae	Mammaliicoccus
COL285	Bacteria	Actinomycetota	Actinobacteria	Kineosporiales	Kineosporiaceae	Kineococcus
COL286	Bacteria	Pseudomonadota	Gammaproteobacteria	Enterobacterales	Erwiniaceae	Pantoea
COL287	Bacteria	Pseudomonadota	Alphaproteobacteria	Hyphomicrobiales	Beijerinckiaceae	Methylobacterium
COL288	Bacteria	Actinomycetota	Actinobacteria	Micrococcales	Micrococcaceae	Glutamicibacter
COL289	Bacteria	Actinomycetota	Actinobacteria	Mycobacteriales	Dietziaceae	Dietzia
COL290	Bacteria	Actinomycetota	Actinobacteria	Micrococcales	Microbacteriaceae	Rathayibacter
COL291	Bacteria	Actinomycetota	Actinobacteria	Kitasatosporales	Streptomycetaceae	Streptomyces
COL292	Bacteria	Pseudomonadota	Alphaproteobacteria	Hyphomicrobiales	Rhizobiaceae	Agrobacterium
COL293	Bacteria	Actinomycetota	Actinobacteria	Kineosporiales	Kineosporiaceae	Quadrisphaera
COL294	Bacteria	Bacillota	Bacilli	Bacillales	Bacillaceae	Lederbergia
COL295	Bacteria	Bacillota	Bacilli	Bacillales	Planococcaceae	Planococcus
COL296	Bacteria	Bacillota	Bacilli	Bacillales	Bacillaceae	Shouchella
COL297	Bacteria	Actinomycetota	Actinobacteria	Propionibacteriales	Nocardioidaceae	Marmoricola
COL298	Bacteria	Bacillota	Bacilli	Bacillales	Bacillaceae	Pseudogracilibacillus
COL299	Bacteria	Actinomycetota	Actinobacteria	Micrococcales	Micrococcaceae	Arthrobacter
COL300	Bacteria	Bacillota	Bacilli	Exiguobacterales	Exiguobacteraceae	Exiguobacterium
COL301	Bacteria	Pseudomonadota	Alphaproteobacteria	Hyphomicrobiales	Rhizobiaceae	Endobacterium
COL302	Bacteria	Pseudomonadota	Alphaproteobacteria	Hyphomicrobiales	Rhizobiaceae	Falsochrobactrum
COL303	Bacteria	Bacillota	Bacilli	Thermoactinomycetales	Thermoactinomycetaceae	Kroppenstedtia
COL304	Bacteria	Actinomycetota	Actinobacteria	Micrococcales	NA	NA
COL305	Bacteria	Actinomycetota	Actinobacteria	Micrococcales	Micrococcaceae	Nesterenkonia
COL306	Bacteria	Actinomycetota	Actinobacteria	Micrococcales	Microbacteriaceae	Plantibacter
COL307	Bacteria	Bacillota	Bacilli	Bacillales	Bacillaceae	Litchfieldia
COL308	Bacteria	Pseudomonadota	Alphaproteobacteria	Hyphomicrobiales	Beijerinckiaceae	Methylorubrum
COL309	Bacteria	Bacillota	Bacilli	Bacillales	Bacillaceae	Oceanobacillus
COL310	Bacteria	Actinomycetota	Actinobacteria	Kitasatosporales	Streptomycetaceae	NA
COL311	Bacteria	Actinomycetota	Actinobacteria	Streptosporangiales	Nocardiopsidaceae	Nocardiopsis
COL312	Bacteria	Actinomycetota	Actinobacteria	Micrococcales	Microbacteriaceae	NA
COL313	Bacteria	Actinomycetota	Actinobacteria	Micrococcales	Microbacteriaceae	Okibacterium
COL314	Bacteria	Bacillota	Bacilli	Lactobacillales	Carnobacteriaceae	Carnobacterium
COL315	Bacteria	Actinomycetota	Actinobacteria	Micrococcales	Microbacteriaceae	Pseudoclavibacter
COL316	Bacteria	Actinomycetota	Actinobacteria	Micrococcales	Micrococcaceae	NA
COL317	Bacteria	Actinomycetota	Actinobacteria	Micrococcales	Micrococcaceae	Enteractinococcus
COL318	Bacteria	Bacillota	Bacilli	Bacillales	Planococcaceae	Rummeliibacillus
COL319	Bacteria	Bacillota	Bacilli	Lactobacillales	Listeriaceae	Listeria
COL320	Bacteria	Bacillota	Clostridia	Eubacteriales	Garciellaceae	Rhabdanaerobium
COL321	Bacteria	Actinomycetota	Thermoleophilia	Solirubrobacterales	Solirubrobacteraceae	Solirubrobacter
COL322	Bacteria	Pseudomonadota	Gammaproteobacteria	Lysobacterales	Lysobacteraceae	Xanthomonas
COL323	Bacteria	Bacillota	Bacilli	Bacillales	Bacillaceae	Virgibacillus
COL324	Bacteria	Actinomycetota	Actinobacteria	Micromonosporales	Micromonosporaceae	Stackebrandtia
COL325	Bacteria	Pseudomonadota	Alphaproteobacteria	Hyphomicrobiales	Xanthobacteraceae	Bradyrhizobium
COL326	Bacteria	Bacillota	Bacilli	Lactobacillales	Carnobacteriaceae	Atopostipes
COL327	Bacteria	Bacillota	Clostridia	Lachnospirales	Lachnospiraceae	Anaeromicropila
COL328	Bacteria	Bacillota	Bacilli	Lactobacillales	Lactobacillaceae	Secundilactobacillus
COL329	Bacteria	Bacillota	Bacilli	Lactobacillales	Streptococcaceae	Floricoccus
COL330	Bacteria	Bacillota	Bacilli	Staphylococcales	Staphylococcaceae	NA
COL331	Bacteria	Bacillota	Bacilli	Acholeplasmatales	Acholeplasmataceae	NA
COL332	Bacteria	Actinomycetota	Actinobacteria	Micrococcales	Cellulomonadaceae	Oerskovia
COL333	Bacteria	Actinomycetota	Actinobacteria	Propionibacteriales	Nocardioidaceae	Aeromicrobium
COL334	Bacteria	Bacteroidota	Bacteroidia	Chitinophagales	Chitinophagaceae	Asinibacterium
COL335	Bacteria	Actinomycetota	Actinobacteria	Micromonosporales	Micromonosporaceae	Asanoa
COL336	Bacteria	Bacillota	Bacilli	Paenibacillales	Paenibacillaceae	Saccharibacillus
COL337	Bacteria	Actinomycetota	Actinobacteria	Micrococcales	Beutenbergiaceae	Salana
COL338	Bacteria	Bacillota	Bacilli	Bacillales	Planococcaceae	Lysinibacillus
COL339	Bacteria	Bacillota	Bacilli	Lactobacillales	Lactobacillaceae	Lapidilactobacillus
COL340	Bacteria	Bacillota	Bacilli	Thermoactinomycetales	Thermoactinomycetaceae	Thermoactinomyces
COL341	Bacteria	Actinomycetota	Actinobacteria	Micrococcales	Brevibacteriaceae	Sediminivirga
COL342	Bacteria	Bacillota	Bacilli	Bacillales	Planococcaceae	Bhargavaea
COL343	Bacteria	Pseudomonadota	Alphaproteobacteria	Hyphomicrobiales	Beijerinckiaceae	Microvirga
COL344	Bacteria	Bacillota	Bacilli	Bacillales	Marinococcaceae	Natribacillus
COL345	Bacteria	Pseudomonadota	Alphaproteobacteria	Rhodobacterales	Paracoccaceae	Rubellimicrobium
COL346	Bacteria	Bacillota	Bacilli	Alicyclobacillales	Alicyclobacillaceae	Alicyclobacillus
COL347	Bacteria	Pseudomonadota	Alphaproteobacteria	Hyphomicrobiales	Rhizobiaceae	Aureimonas
COL348	Bacteria	Actinomycetota	Actinobacteria	Pseudonocardiales	Pseudonocardiaceae	NA
COL349	Bacteria	Actinomycetota	Actinobacteria	Pseudonocardiales	Pseudonocardiaceae	Bounagaea
COL350	Bacteria	Bacillota	Clostridia	Lachnospirales	Lachnospiraceae	Shuttleworthia
COL351	Bacteria	Actinomycetota	Actinobacteria	Frankiales	Geodermatophilaceae	Modestobacter
COL352	Bacteria	Bacteroidota	Bacteroidia	Cytophagales	Hymenobacteraceae	Hymenobacter
COL353	Bacteria	Actinomycetota	Thermoleophilia	Solirubrobacterales	Solirubrobacteraceae	Patulibacter
COL354	Bacteria	Bacillota	Bacilli	Erysipelotrichales	Erysipelotrichaceae	Ileibacterium
COL355	Bacteria	Bacillota	Bacilli	Erysipelotrichales	Erysipelotrichaceae	Culicoidibacter
COL356	Bacteria	Pseudomonadota	Gammaproteobacteria	Burkholderiales	Oxalobacteraceae	Massilia
COL357	Bacteria	Pseudomonadota	Gammaproteobacteria	Pseudomonadales	Pseudomonadaceae	Pseudomonas
COL358	Bacteria	Pseudomonadota	Alphaproteobacteria	Hyphomicrobiales	Devosiaceae	Devosia
COL359	Bacteria	Bacillota	Bacilli	Bacillales	Bacillaceae	Alkalihalophilus
COL360	Bacteria	Actinomycetota	Actinobacteria	Frankiales	Nakamurellaceae	NA
COL361	Bacteria	Actinomycetota	Actinobacteria	Frankiales	Geodermatophilaceae	Klenkia
COL362	Bacteria	Bacillota	Bacilli	Erysipelotrichales	Erysipelotrichaceae	Faecalibaculum
COL363	Bacteria	Bacteroidota	Bacteroidia	Chitinophagales	Chitinophagaceae	Sediminibacterium
COL364	Bacteria	Bacillota	Symbiobacteriia	Symbiobacteriales	Symbiobacteraceae	Symbiobacterium
COL365	Bacteria	Bacillota	Bacilli	Paenibacillales	Paenibacillaceae	Cohnella
COL366	NA	NA	NA	NA	NA	NA
COL367	Bacteria	Pseudomonadota	Gammaproteobacteria	Enterobacterales	Erwiniaceae	Duffyella
COL368	Bacteria	Bacillota	Clostridia	Eubacteriales	Alkalibacteraceae	Alkalibaculum
COL369	Bacteria	Myxococcota	Polyangiia	Nannocystales	Nannocystaceae	Enhygromyxa
COL370	Bacteria	Bacillota	Bacilli	Paenibacillales	Paenibacillaceae	Thermobacillus
COL371	Bacteria	Bacillota	Clostridia	Caldicoprobacterales	Caldicoprobacteraceae	Caldicoprobacter
COL372	Bacteria	Bacillota	Bacilli	Alicyclobacillales	Alicyclobacillaceae	Tumebacillus
COL373	Bacteria	Bacillota	Clostridia	Eubacteriales	Garciellaceae	Irregularibacter
COL374	Bacteria	Bacillota	Syntrophomonadia	Syntrophomonadales	Syntrophomonadaceae	NA
COL375	Bacteria	Actinomycetota	Thermoleophilia	Gaiellales	Gaiellaceae	Gaiella
COL376	Bacteria	Myxococcota	Myxococcia	Myxococcales	Vulgatibacteraceae	Vulgatibacter
COL377	Bacteria	Bacteroidota	Bacteroidia	Sphingobacteriales	Sphingobacteriaceae	Pedobacter
COL378	Bacteria	Actinomycetota	Rubrobacteria	Rubrobacterales	Rubrobacteriaceae	Rubrobacter
COL379	Bacteria	Halanaerobiaeota	Halanaerobiia	Halanaerobiales	Halanaerobiaceae	Halocella
COL380	Bacteria	Actinomycetota	Actinobacteria	Micrococcales	Bogoriellaceae	Georgenia
COL381	Bacteria	Pseudomonadota	Gammaproteobacteria	Burkholderiales	Burkholderiaceae	Polynucleobacter
COL382	Bacteria	Pseudomonadota	Alphaproteobacteria	Sphingomonadales	Sphingomonadaceae	Sphingorhabdus
COL383	Bacteria	Pseudomonadota	Gammaproteobacteria	Enterobacterales	Alteromonadaceae	Alishewanella
COL384	Bacteria	Actinomycetota	Actinobacteria	Micrococcales	Intrasporangiaceae	Janibacter
COL385	Bacteria	Pseudomonadota	Gammaproteobacteria	Burkholderiales	Comamonadaceae	Limnohabitans
COL386	Bacteria	Synergistota	Synergistia	Synergistales	Synergistaceae	Rarimicrobium
COL387	Bacteria	Pseudomonadota	Gammaproteobacteria	Enterobacterales	Alteromonadaceae	Rheinheimera
COL388	Bacteria	Bacteroidota	Bacteroidia	Chitinophagales	Chitinophagaceae	Rurimicrobium
COL389	Bacteria	Pseudomonadota	Alphaproteobacteria	Azospirillales	Azospirillaceae	Niveispirillum
COL390	Bacteria	Spirochaetota	Leptospirae	Leptospirales	Leptospiraceae	Leptospira
COL391	Bacteria	Pseudomonadota	Gammaproteobacteria	Burkholderiales	Oxalobacteraceae	Noviherbaspirillum
COL392	Bacteria	Bacteroidota	Bacteroidia	Flavobacteriales	Crocinitomicaceae	Fluviicola
COL393	Bacteria	Pseudomonadota	Gammaproteobacteria	NA	NA	NA
COL394	Bacteria	Pseudomonadota	Gammaproteobacteria	Pseudomonadales	Moraxellaceae	Enhydrobacter
COL395	Bacteria	Pseudomonadota	Alphaproteobacteria	Sphingomonadales	Sphingomonadaceae	Altererythrobacter
COL396	Bacteria	Patescibacteria	Parcubacteria	NA	NA	NA
COL397	Bacteria	Pseudomonadota	Alphaproteobacteria	Rhodobacterales	Paracoccaceae	Tabrizicola
COL398	Bacteria	Pseudomonadota	Alphaproteobacteria	Acetobacterales	Acetobacteraceae	Roseomonas
COL399	Bacteria	Bacillota	Clostridia	Lachnospirales	Lachnospiraceae	Lachnoanaerobaculum
COL400	Bacteria	Pseudomonadota	Gammaproteobacteria	Legionellales	Legionellaceae	Legionella
COL401	Bacteria	Acidobacteriota	Blastocatellia	Blastocatellales	Blastocatellaceae	Blastocatella
COL402	Bacteria	Bacillota	Bacilli	Staphylococcales	Staphylococcaceae	Salinicoccus
COL403	Bacteria	Bacteroidota	Bacteroidia	Cytophagales	Cyclobacteriaceae	Algoriphagus
COL404	Bacteria	Pseudomonadota	Alphaproteobacteria	Sphingomonadales	Sphingomonadaceae	Erythrobacter
COL405	Bacteria	Pseudomonadota	Gammaproteobacteria	Pseudomonadales	Cellvibrionaceae	Cellvibrio
COL406	Bacteria	Bacillota	Bacilli	Bacillales	Marinococcaceae	Marinococcus
COL407	Bacteria	Actinomycetota	Actinobacteria	Micrococcales	Dermabacteraceae	NA
COL408	Bacteria	Pseudomonadota	Gammaproteobacteria	Burkholderiales	Comamonadaceae	Ottowia
COL409	Bacteria	Bacillota	Clostridia	Lachnospirales	Lachnospiraceae	Stomatobaculum
COL410	Bacteria	Pseudomonadota	Alphaproteobacteria	Sphingomonadales	Sphingomonadaceae	Novosphingobium
COL411	Bacteria	Pseudomonadota	Gammaproteobacteria	Burkholderiales	Methylophilaceae	Methylotenera
COL412	Bacteria	Bacillota	Clostridia	Lachnospirales	Lachnospiraceae	Johnsonella
COL413	Bacteria	Actinomycetota	Actinobacteria	Actinomycetales	Actinomycetaceae	Mobiluncus
COL414	Bacteria	Pseudomonadota	Alphaproteobacteria	Sphingomonadales	Sphingomonadaceae	Rhizorhapis
COL415	Bacteria	Bacteroidota	Bacteroidia	Bacteroidales	NA	NA
COL416	Bacteria	Pseudomonadota	Alphaproteobacteria	Rhodobacterales	Paracoccaceae	NA
COL417	Bacteria	Bacteroidota	Bacteroidia	Chitinophagales	Chitinophagaceae	Flavihumibacter
COL418	Bacteria	Bacillota	Bacilli	Bacillales	Planococcaceae	Chryseomicrobium
COL419	Bacteria	Pseudomonadota	Alphaproteobacteria	Sphingomonadales	Sphingomonadaceae	DSSF69
COL420	Bacteria	Pseudomonadota	Alphaproteobacteria	Acetobacterales	Acetobacteraceae	Gluconobacter
COL421	Bacteria	Bacillota	Clostridia	Oscillospirales	Butyricicoccaceae	NA
COL422	Bacteria	Bacillota	Bacilli	Bacillales	Bacillaceae	Halobacillus
COL423	Bacteria	Pseudomonadota	Alphaproteobacteria	Caedibacterales	Caedibacteraceae	Caedibacter
COL424	Bacteria	Actinomycetota	Actinobacteria	Propionibacteriales	Propionibacteriaceae	Cutibacterium
COL425	Bacteria	Pseudomonadota	Gammaproteobacteria	Burkholderiales	Methylophilaceae	Methylophilus
COL426	Bacteria	Actinomycetota	Actinobacteria	Propionibacteriales	Propionibacteriaceae	Acidipropionibacterium
COL427	Bacteria	Bacillota	Bacilli	Lactobacillales	Carnobacteriaceae	Alloiococcus
COL428	Bacteria	Pseudomonadota	Gammaproteobacteria	Burkholderiales	Chitinimonadaceae	Chitinimonas
COL429	Bacteria	Bacillota	Bacilli	Lactobacillales	Aerococcaceae	Globicatella
COL430	Bacteria	Pseudomonadota	Alphaproteobacteria	Hyphomicrobiales	Beijerinckiaceae	Bosea
COL431	Bacteria	Pseudomonadota	Gammaproteobacteria	Rickettsiellales	Rickettsiellaceae	Aquicella
COL432	Bacteria	Verrucomicrobiota	Verrucomicrobiia	Verrucomicrobiales	Rubritaleaceae	Luteolibacter
COL433	Bacteria	Pseudomonadota	Gammaproteobacteria	Enterobacterales	NA	NA
COL434	Bacteria	Bacteroidota	Bacteroidia	Bacteroidales	Rikenellaceae	Rikenella
COL435	Bacteria	Bacillota	Negativicutes	Acidaminococcales	Acidaminococcaceae	Succiniclasticum
COL436	Bacteria	Bacteroidota	Bacteroidia	Flavobacteriales	Weeksellaceae	Empedobacter
COL437	Bacteria	Pseudomonadota	Alphaproteobacteria	Acetobacterales	Acetobacteraceae	Rubritepida
COL438	Bacteria	Pseudomonadota	Alphaproteobacteria	Rhodobacterales	Paracoccaceae	Pararhodobacter
COL439	Bacteria	Verrucomicrobiota	Verrucomicrobiia	Chthoniobacterales	Terrimicrobiaceae	Terrimicrobium
COL440	Bacteria	Acidobacteriota	Acidobacteriae	Bryobacterales	Bryobacteraceae	Bryobacter
COL441	Bacteria	Campylobacterota	Campylobacteria	Campylobacterales	Arcobacteraceae	Arcobacter
COL442	Bacteria	Bacteroidota	Bacteroidia	Cytophagales	Microscillaceae	Chryseotalea
COL443	Bacteria	Pseudomonadota	Gammaproteobacteria	Coxiellales	Coxiellaceae	Coxiella
COL444	Bacteria	Planctomycetota	Planctomycetes	Pirellulales	Pirellulaceae	NA
COL445	Bacteria	Planctomycetota	Phycisphaerae	Phycisphaerales	Phycisphaeraceae	SM1A02
COL446	Bacteria	Pseudomonadota	Gammaproteobacteria	Pseudomonadales	Moraxellaceae	Psychrobacter
COL447	Bacteria	Pseudomonadota	Gammaproteobacteria	Enterobacterales	Enterobacteriaceae	Aquamonas
COL448	Bacteria	Bacteroidota	Bacteroidia	Bacteroidales	Prevotellaceae	Xylanibacter
COL449	Bacteria	Bacillota	Bacilli	Lactobacillales	Carnobacteriaceae	Trichococcus
COL450	Bacteria	Verrucomicrobiota	Verrucomicrobiia	Pedosphaerales	Pedosphaeraceae	DEV114
COL451	Bacteria	Pseudomonadota	Gammaproteobacteria	Burkholderiales	Comamonadaceae	Giesbergeria
COL452	Bacteria	Fusobacteriota	Fusobacteriia	Fusobacteriales	Leptotrichiaceae	Sebaldella
COL453	Bacteria	Pseudomonadota	Gammaproteobacteria	Burkholderiales	Rhodocyclaceae	Thauera
COL454	Bacteria	Bacteroidota	Bacteroidia	Bacteroidales	Dysgonomonadaceae	Proteiniphilum
COL455	Bacteria	Bacillota	Clostridia	Oscillospirales	Oscillospiraceae	Ercella
COL456	Bacteria	Pseudomonadota	Gammaproteobacteria	Burkholderiales	Comamonadaceae	Comamonas
COL457	Bacteria	Bacillota	Bacilli	Erysipelotrichales	Erysipelotrichaceae	Erysipelothrix
COL458	Bacteria	Verrucomicrobiota	Lentisphaeria	Oligosphaerales	Oligosphaeraceae	Z20
COL459	Bacteria	Bacteroidota	Bacteroidia	Bacteroidales	Tannerellaceae	Macellibacteroides
COL460	Bacteria	Thermodesulfobacteriota	Desulfobulbia	Desulfobulbales	Desulfobulbaceae	Desulfobulbus
COL461	Bacteria	Bacteroidota	Bacteroidia	Cytophagales	Spirosomataceae	Flectobacillus
COL462	Bacteria	Bacillota	Negativicutes	Acidaminococcales	Acidaminococcaceae	NA
COL463	Bacteria	Bacillota	Clostridia	Eubacteriales	Eubacteriaceae	Acetobacterium
COL464	Bacteria	Synergistota	Synergistia	Synergistales	Synergistaceae	Fretibacterium
COL465	Bacteria	Pseudomonadota	Alphaproteobacteria	Hyphomicrobiales	Rhizobiaceae	Shinella
COL466	Bacteria	Bacteroidota	Bacteroidia	Bacteroidales	Paludibacteraceae	Paludibacter
COL467	Bacteria	Bacteroidota	Bacteroidia	Cytophagales	Spirosomataceae	Sandaracinomonas
COL468	Bacteria	Bacillota	Clostridia	Lachnospirales	Lachnospiraceae	Murimonas
COL469	Bacteria	Bacillota	Bacilli	Bacillales	Bacillaceae	Priestia
COL470	Bacteria	Bacillota	Bacilli	Bacillales	Bacillaceae	Ectobacillus
COL471	Bacteria	Pseudomonadota	Alphaproteobacteria	Dongiales	Dongiaceae	Dongia
COL472	Bacteria	Bacillota	Bacilli	Bacillales	Bacillaceae	Fictibacillus
COL473	Bacteria	Nitrospirota	Nitrospiria	Nitrospirales	Nitrospiraceae	Nitrospira
COL474	Bacteria	Chloroflexota	Anaerolineae	Anaerolineales	Anaerolineaceae	UTCFX1
COL475	Bacteria	Pseudomonadota	Alphaproteobacteria	Hyphomicrobiales	Hyphomicrobiaceae	Pedomicrobium
COL476	Bacteria	Bacillota	Bacilli	Bacillales	Bacillaceae	Mesobacillus
COL477	Bacteria	Bacillota	Bacilli	Bacillales	Bacillaceae	Neobacillus
COL478	Bacteria	Acidobacteriota	Blastocatellia	Pyrinomonadales	Pyrinomonadaceae	NA
COL479	Bacteria	Bacillota	Desulfotomaculia	Desulfotomaculales	Pelotomaculaceae	Pelotomaculum
COL480	Bacteria	Bacillota	Clostridia	Lachnospirales	Lachnospiraceae	Anaerotaenia
COL481	Bacteria	Bacillota	Bacilli	Bacillales	Bacillaceae	Terribacillus
COL482	Bacteria	Pseudomonadota	Gammaproteobacteria	Burkholderiales	Comamonadaceae	Hydrogenophaga
COL483	Bacteria	Myxococcota	Myxococcia	Myxococcales	Myxococcaceae	Archangium
COL484	Bacteria	Pseudomonadota	Gammaproteobacteria	Burkholderiales	Nitrosomonadaceae	Nitrosomonas
COL485	Bacteria	Bacillota	Bacilli	Bacillales	Bacillaceae	Rossellomorea
COL486	Bacteria	Actinomycetota	Actinobacteria	Micromonosporales	Micromonosporaceae	NA
COL487	Bacteria	Bacillota	Bacilli	Paenibacillales	Paenibacillaceae	Ammoniphilus
COL488	Bacteria	Pseudomonadota	Gammaproteobacteria	Lysobacterales	Lysobacteraceae	Arenimonas
COL489	Bacteria	Actinomycetota	Actinobacteria	Mycobacteriales	Mycobacteriaceae	Mycobacterium
COL490	Bacteria	Actinomycetota	Actinobacteria	Propionibacteriales	Nocardioidaceae	NA
COL491	Bacteria	Bacillota	Bacilli	Bacillales	Bacillaceae	Niallia
COL492	Bacteria	Bacillota	Dethiobacteria	Dethiobacterales	Dethiobacteraceae	Dethiobacter
COL493	Bacteria	Actinomycetota	Actinobacteria	Micrococcales	Microbacteriaceae	Agromyces
COL494	Bacteria	Thermodesulfobacteriota	Desulfuromonadia	Geobacterales	Geobacteraceae	Geobacter
COL495	Bacteria	Acidobacteriota	Vicinamibacteria	Vicinamibacterales	Vicinamibacteraceae	Luteitalea
COL496	Bacteria	Actinomycetota	Acidimicrobiia	Microtrichales	Ilumatobacteraceae	Ilumatobacter
COL497	Bacteria	Verrucomicrobiota	Verrucomicrobiia	Opitutales	Opitutaceae	Opitutus
COL498	Bacteria	Pseudomonadota	Gammaproteobacteria	Salinisphaerales	Nevskiaceae	Polycyclovorans
COL499	Bacteria	Pseudomonadota	Gammaproteobacteria	Burkholderiales	Nitrosomonadaceae	Ellin6067
COL500	Bacteria	Pseudomonadota	Gammaproteobacteria	Steroidobacterales	Steroidobacteraceae	Steroidobacter
COL501	Bacteria	Acidobacteriota	Blastocatellia	Blastocatellales	Blastocatellaceae	Stenotrophobacter
COL502	Bacteria	Actinomycetota	Acidimicrobiia	Microtrichales	Ilumatobacteraceae	Desertimonas
COL503	Bacteria	Verrucomicrobiota	Verrucomicrobiia	Verrucomicrobiales	Verrucomicrobiaceae	Roseimicrobium
COL504	Bacteria	Bacillota	Bacilli	Haloplasmatales	Haloplasmataceae	Haloplasma
COL505	Bacteria	Verrucomicrobiota	Verrucomicrobiia	Pedosphaerales	Pedosphaeraceae	Ellin517
COL506	Bacteria	Acidobacteriota	Vicinamibacteria	Vicinamibacterales	Vicinamibacteraceae	Vicinamibacter
COL507	Bacteria	Pseudomonadota	Alphaproteobacteria	Sphingomonadales	Sphingomonadaceae	Sphingomonas
COL508	Bacteria	Pseudomonadota	Alphaproteobacteria	Hyphomicrobiales	Rhizobiaceae	Ensifer
COL509	Bacteria	Myxococcota	Polyangiia	Nannocystales	Nannocystaceae	Nannocystis
COL510	Bacteria	Verrucomicrobiota	Verrucomicrobiia	Chthoniobacterales	Chthoniobacteraceae	Chthoniobacter
COL511	Bacteria	Bacteroidota	Bacteroidia	Cytophagales	Microscillaceae	Chryseolinea
COL512	Bacteria	Planctomycetota	Planctomycetes	Gemmatales	Gemmataceae	Gemmata
COL513	Bacteria	Verrucomicrobiota	Verrucomicrobiia	Pedosphaerales	Pedosphaeraceae	RS25G
COL514	Bacteria	Pseudomonadota	Alphaproteobacteria	Caulobacterales	Caulobacteraceae	Phenylobacterium
COL515	Bacteria	Actinomycetota	Actinobacteria	Streptosporangiales	Streptosporangiaceae	Nonomuraea
COL516	Bacteria	Verrucomicrobiota	Verrucomicrobiia	Pedosphaerales	Pedosphaeraceae	ADurb
COL517	Bacteria	Bacteroidota	Bacteroidia	Chitinophagales	Chitinophagaceae	NA
COL518	Bacteria	Bacillota	Clostridia	Clostridiales	Oxobacteraceae	Oxobacter
COL519	Bacteria	Pseudomonadota	Alphaproteobacteria	Hyphomicrobiales	Hyphomicrobiaceae	Hyphomicrobium
COL520	Bacteria	Deinococcota	Deinococci	Deinococcales	Trueperaceae	Truepera
COL521	Bacteria	Bacillota	Bacilli	Bacillales	Bacillaceae	Gottfriedia
COL522	Bacteria	Thermodesulfobacteriota	Desulfuromonadia	Geobacterales	Geobacteraceae	NA
COL523	Bacteria	Pseudomonadota	Gammaproteobacteria	Burkholderiales	Comamonadaceae	Ramlibacter
COL524	Bacteria	Pseudomonadota	Alphaproteobacteria	Hyphomicrobiales	Rhizobiaceae	NA
COL525	Bacteria	Verrucomicrobiota	Verrucomicrobiia	Opitutales	Opitutaceae	Oleiharenicola
COL526	Bacteria	Bacteroidota	Bacteroidia	Chitinophagales	Chitinophagaceae	Terrimonas
COL527	Bacteria	Pseudomonadota	Alphaproteobacteria	Rhodobacterales	Paracoccaceae	Amaricoccus
COL528	Bacteria	Pseudomonadota	Gammaproteobacteria	Burkholderiales	Burkholderiaceae	Limnobacter
COL529	Bacteria	Pseudomonadota	Gammaproteobacteria	Pseudomonadales	Moraxellaceae	Permianibacter
COL530	Bacteria	Pseudomonadota	Gammaproteobacteria	Burkholderiales	Nitrosomonadaceae	MND1
COL531	Bacteria	Pseudomonadota	Alphaproteobacteria	Reyranellales	Reyranellaceae	Reyranella
COL532	Bacteria	Pseudomonadota	Gammaproteobacteria	Lysobacterales	Rhodanobacteraceae	Aquimonas
COL533	Bacteria	Pseudomonadota	Alphaproteobacteria	Hyphomicrobiales	Beijerinckiaceae	Enterovirga
COL534	Bacteria	Bacillota	Bacilli	Thermoactinomycetales	Thermoactinomycetaceae	NA
COL535	Bacteria	Actinomycetota	Actinobacteria	Frankiales	Geodermatophilaceae	NA
COL536	Bacteria	Planctomycetota	Planctomycetes	Gemmatales	Gemmataceae	Zavarzinella
COL537	Bacteria	Acidobacteriota	Blastocatellia	Blastocatellales	Blastocatellaceae	Aridibacter
COL538	Bacteria	Actinomycetota	Acidimicrobiia	Microtrichales	Iamiaceae	Iamia
COL539	Bacteria	Pseudomonadota	Alphaproteobacteria	Tistrellales	Geminicoccaceae	Arboricoccus
COL540	Bacteria	Bacillota	Clostridia	Oscillospirales	Oscillospiraceae	Acetivibrio
COL541	Bacteria	Bacillota	Bacilli	Thermoactinomycetales	Thermoactinomycetaceae	Planifilum
COL542	Bacteria	Actinomycetota	Thermoleophilia	NA	NA	NA
COL543	Bacteria	Bacillota	Bacilli	Bacillales	Bacillaceae	Cytobacillus
COL544	Bacteria	Pseudomonadota	Gammaproteobacteria	Salinisphaerales	Nevskiaceae	Panacagrimonas
COL545	Bacteria	Pseudomonadota	Gammaproteobacteria	Burkholderiales	Comamonadaceae	Curvibacter
COL546	Bacteria	Bacillota	Desulfotomaculia	Desulfotomaculales	Desulfotomaculaceae	Desulfotomaculum
COL547	Bacteria	Bacillota	Bacilli	Thermoactinomycetales	Thermoactinomycetaceae	Novibacillus
COL548	Bacteria	Bacillota	Clostridia	Lachnospirales	Lachnospiraceae	Herbinix
COL549	Bacteria	Actinomycetota	Actinobacteria	Streptosporangiales	Thermomonosporaceae	Actinomadura
COL550	Bacteria	Myxococcota	Polyangiia	Polyangiales	Polyangiaceae	Pajaroellobacter
COL551	Bacteria	Actinomycetota	Acidimicrobiia	Acidimicrobiales	Acidimicrobiaceae	Acidiferrimicrobium
COL552	Bacteria	Pseudomonadota	Alphaproteobacteria	Rhodobacterales	Paracoccaceae	Fuscovulum
COL553	Bacteria	Pseudomonadota	Alphaproteobacteria	Sphingomonadales	Sphingomonadaceae	Ellin6055
COL554	Bacteria	Pseudomonadota	Alphaproteobacteria	Caulobacterales	Hyphomonadaceae	SWB02
COL555	Bacteria	Pseudomonadota	Gammaproteobacteria	Lysobacterales	Lysobacteraceae	Lysobacter
COL556	Bacteria	Planctomycetota	Planctomycetes	Pirellulales	Pirellulaceae	Bythopirellula
COL557	Bacteria	Pseudomonadota	Alphaproteobacteria	Azospirillales	Azospirillaceae	Skermanella
COL558	Bacteria	Bacillota	Clostridia	Oscillospirales	Oscillospiraceae	Anaerobacterium
COL559	Bacteria	Planctomycetota	Planctomycetes	Pirellulales	Pirellulaceae	Pirellula
COL560	Bacteria	Planctomycetota	Planctomycetes	Pirellulales	Pirellulaceae	Mariniblastus
COL561	Bacteria	Pseudomonadota	Gammaproteobacteria	Burkholderiales	Methylophilaceae	Methylobacillus
COL562	Bacteria	Bacillota	Desulfitobacteriia	Desulfitobacteriales	Desulfitobacteriaceae	Desulfitobacterium
COL563	Bacteria	Chloroflexota	Anaerolineae	NA	NA	NA
COL564	Bacteria	Acidobacteriota	Blastocatellia	Pyrinomonadales	Pyrinomonadaceae	Arenimicrobium
COL565	Bacteria	Bacteroidota	Bacteroidia	Cytophagales	Microscillaceae	OLB12
COL566	Bacteria	Actinomycetota	Actinobacteria	Bifidobacteriales	Bifidobacteriaceae	Alloscardovia
COL567	Bacteria	Bacillota	Clostridia	Thermincolales	Thermincolaceae	Thermincola
COL568	Bacteria	Actinomycetota	Actinobacteria	Micrococcales	Micrococcaceae	Pseudarthrobacter
COL569	Bacteria	Bacillota	Bacilli	Bacillales	Planococcaceae	Domibacillus
COL570	Bacteria	Chloroflexota	NA	NA	NA	NA
COL571	Bacteria	Myxococcota	Polyangiia	Polyangiales	Sandaracinaceae	Sandaracinus
COL572	Bacteria	Myxococcota	Polyangiia	Polyangiales	Polyangiaceae	Sorangium
COL573	Bacteria	Pseudomonadota	Alphaproteobacteria	Rhodobacterales	Paracoccaceae	Oceanicella
COL574	Bacteria	Pseudomonadota	Gammaproteobacteria	Burkholderiales	Nitrosomonadaceae	Nitrosospira
COL575	Bacteria	Myxococcota	Myxococcia	Myxococcales	Myxococcaceae	Myxococcus
COL576	Bacteria	Bacillota	Clostridia	Oscillospirales	Ruminococcaceae	Hydrogenoanaerobacterium
COL577	Bacteria	Planctomycetota	Planctomycetes	Planctomycetales	Schlesneriaceae	Planctopirus
COL578	Bacteria	Chlamydiota	Chlamydiia	Chlamydiales	Parachlamydiaceae	Neochlamydia
COL579	Bacteria	Pseudomonadota	Alphaproteobacteria	Hyphomicrobiales	Rhodomicrobiaceae	Rhodomicrobium
COL580	Bacteria	Actinomycetota	Actinobacteria	Pseudonocardiales	Pseudonocardiaceae	Pseudonocardia
COL581	Bacteria	Pseudomonadota	Gammaproteobacteria	Lysobacterales	Lysobacteraceae	Pseudoxanthomonas
COL582	Bacteria	Verrucomicrobiota	Verrucomicrobiia	Pedosphaerales	Pedosphaeraceae	NA
COL583	Bacteria	Halanaerobiaeota	Halanaerobiia	Halanaerobiales	Halobacteroidaceae	Anoxybacter
COL584	Bacteria	Bacteroidota	Bacteroidia	Cytophagales	Microscillaceae	Hassallia
COL585	Bacteria	Bacteroidota	Bacteroidia	Cytophagales	Microscillaceae	Ohtaekwangia
COL586	Bacteria	Pseudomonadota	Alphaproteobacteria	Tistrellales	Geminicoccaceae	Geminicoccus
COL587	Bacteria	Bacteroidota	Bacteroidia	Chitinophagales	Chitinophagaceae	Puia
COL588	Bacteria	Sumerlaeota	Sumerlaeia	Sumerlaeales	Sumerlaeaceae	Sumerlaea
COL589	Bacteria	Chloroflexota	Chloroflexia	Chloroflexales	Chloroflexaceae	Chloronema
COL590	Bacteria	Pseudomonadota	Alphaproteobacteria	Hyphomicrobiales	Xanthobacteraceae	Pseudorhodoplanes
COL591	Bacteria	Planctomycetota	Phycisphaerae	Phycisphaerales	Phycisphaeraceae	AKYG587
COL592	Bacteria	Bdellovibrionota	Oligoflexia	Oligoflexales	Oligoflexaceae	Oligoflexus
COL593	Bacteria	Pseudomonadota	Alphaproteobacteria	Hyphomicrobiales	Xanthobacteraceae	Rhodoplanes
COL594	Bacteria	Pseudomonadota	Gammaproteobacteria	Lysobacterales	Rhodanobacteraceae	Ahniella
COL595	Bacteria	Actinomycetota	Actinobacteria	Micromonosporales	Micromonosporaceae	Longispora
COL596	Bacteria	Chlamydiota	Chlamydiia	Chlamydiales	Simkaniaceae	NA
COL597	Bacteria	Bacillota	Limnochordia	Limnochordales	Limnochordaceae	Limnochorda
COL598	Bacteria	Pseudomonadota	Alphaproteobacteria	Hyphomicrobiales	Beijerinckiaceae	NA
COL599	Bacteria	Bacillota	Bacilli	Bacillales	Planococcaceae	Solibacillus
COL600	Bacteria	Verrucomicrobiota	Verrucomicrobiia	Pedosphaerales	Pedosphaeraceae	Oikopleura
COL601	Bacteria	Pseudomonadota	Gammaproteobacteria	Burkholderiales	Comamonadaceae	Inhella
COL602	Bacteria	Bacillota	Desulfotomaculia	Desulfotomaculales	Desulfotomaculaceae	NA
COL603	Bacteria	Bacillota	Bacilli	Caldalkalibacillales	Caldalkalibacillaceae	Caldalkalibacillus
COL604	Bacteria	Chlamydiota	Chlamydiia	Chlamydiales	Simkaniaceae	Ga0074140
COL605	Bacteria	Cyanobacteriota	Vampirivibrionia	Vampirovibrionales	Vampirovibrionaceae	Vampirovibrio
COL606	Bacteria	Pseudomonadota	Gammaproteobacteria	Lysobacterales	Rhodanobacteraceae	Pseudolysobacter
COL607	Bacteria	Pseudomonadota	Alphaproteobacteria	Caulobacterales	Caulobacteraceae	Caulobacter
COL608	Bacteria	Actinomycetota	Actinobacteria	Micromonosporales	Micromonosporaceae	Catellatospora
COL609	Bacteria	Pseudomonadota	Gammaproteobacteria	Burkholderiales	Comamonadaceae	Rivibacter
COL610	Bacteria	Gemmatimonadota	Gemmatimonadia	Gemmatimonadales	Gemmatimonadaceae	Gemmatimonas
COL611	Bacteria	Pseudomonadota	Alphaproteobacteria	Hyphomicrobiales	Beijerinckiaceae	FFCH5858
COL612	Bacteria	Armatimonadota	Chthonomonadia	Chthonomonadales	Chthonomonadaceae	Chthonomonas
COL613	Bacteria	Pseudomonadota	Alphaproteobacteria	Hyphomicrobiales	Beijerinckiaceae	Psychroglaciecola
COL614	Bacteria	Verrucomicrobiota	Verrucomicrobiia	Pedosphaerales	Pedosphaeraceae	Ellin516
COL615	Bacteria	Actinomycetota	Actinobacteria	Mycobacteriales	Nocardiaceae	Nocardia
COL616	Bacteria	Verrucomicrobiota	Verrucomicrobiia	Opitutales	Opitutaceae	Alterococcus
COL617	Bacteria	Actinomycetota	Actinobacteria	NA	NA	NA
COL618	Bacteria	Pseudomonadota	Alphaproteobacteria	Hyphomicrobiales	Rhizobiaceae	Mesorhizobium
COL619	Bacteria	Chloroflexota	Anaerolineae	Aggregatilineales	NA	NA
COL620	Bacteria	Bacteroidota	Bacteroidia	Cytophagales	Hymenobacteraceae	Adhaeribacter
COL621	Bacteria	Pseudomonadota	Alphaproteobacteria	Hyphomicrobiales	Rhizobiaceae	Pseudorhizobium
COL622	Bacteria	Actinomycetota	Actinobacteria	Micrococcales	Microbacteriaceae	Microcella
COL623	Bacteria	Verrucomicrobiota	Verrucomicrobiia	Verrucomicrobiales	Verrucomicrobiaceae	Prosthecobacter
COL624	Bacteria	Bacillota	Syntrophomonadia	Syntrophomonadales	Syntrophomonadaceae	Syntrophomonas
COL625	Bacteria	Bacteroidota	Bacteroidia	Chitinophagales	Chitinophagaceae	Parasegetibacter
COL626	Bacteria	Actinomycetota	Actinobacteria	Micrococcales	Promicromonosporaceae	Cellulosimicrobium
COL627	Bacteria	Pseudomonadota	Alphaproteobacteria	Sphingomonadales	Sphingomonadaceae	Rhizorhabdus
COL628	Bacteria	Actinomycetota	Actinobacteria	Propionibacteriales	Propionibacteriaceae	Haloactinopolyspora
COL629	Bacteria	Chlamydiota	Chlamydiia	Chlamydiales	Parachlamydiaceae	NA
COL630	Bacteria	Verrucomicrobiota	Verrucomicrobiia	Verrucomicrobiales	Verrucomicrobiaceae	Brevifollis
COL631	Bacteria	Bdellovibrionota	Bacteriovoracia	Bacteriovoracales	Bacteriovoracaceae	Peredibacter
COL632	Bacteria	Chlamydiota	Chlamydiia	Chlamydiales	Waddliaceae	Waddlia
COL633	Bacteria	Bacillota	Desulfitobacteriia	Desulfitobacteriales	Desulfitobacteriaceae	Desulfosporosinus
COL634	Bacteria	Actinomycetota	Acidimicrobiia	Microtrichales	Iamiaceae	Aquihabitans
COL635	Bacteria	Chloroflexota	Chloroflexia	Chloroflexales	Herpetosiphonaceae	Herpetosiphon
COL636	Bacteria	Thermodesulfobacteriota	Desulfuromonadia	Geobacterales	Geobacteraceae	Geomobilimonas
COL637	Bacteria	Pseudomonadota	Alphaproteobacteria	Caulobacterales	Hyphomonadaceae	Hirschia
COL638	Bacteria	Pseudomonadota	Gammaproteobacteria	Pseudomonadales	Pseudohongiellaceae	Pseudohongiella
COL639	Bacteria	Chloroflexota	Anaerolineae	Caldilineales	Caldilineaceae	Litorilinea
COL640	Bacteria	Acidobacteriota	Acidobacteriae	Bryobacterales	Bryobacteraceae	Paludibaculum
COL641	Bacteria	Actinomycetota	Actinobacteria	Micrococcales	Intrasporangiaceae	Aquipuribacter
COL642	Bacteria	Myxococcota	Myxococcia	Myxococcales	Myxococcaceae	Vitiosangium
COL643	Bacteria	Pseudomonadota	Gammaproteobacteria	Methylococcales	Methylococcaceae	Methylocaldum
COL644	Bacteria	Bacillota	Moorellia	Desulfitibacterales	Desulfitibacteraceae	Desulfitibacter
COL645	Bacteria	Verrucomicrobiota	Verrucomicrobiia	Opitutales	Opitutaceae	IMCC26134
COL646	Bacteria	Pseudomonadota	Alphaproteobacteria	Acetobacterales	Acetobacteraceae	NA
COL647	Bacteria	Pseudomonadota	Gammaproteobacteria	Burkholderiales	Burkholderiaceae	Cupriavidus
COL648	Bacteria	Verrucomicrobiota	Verrucomicrobiia	Pedosphaerales	Pedosphaeraceae	DEV008
COL649	Bacteria	Actinomycetota	Actinobacteria	Frankiales	Sporichthyaceae	Sporichthya
COL650	Bacteria	Chlamydiota	Chlamydiia	Chlamydiales	NA	NA
COL651	Bacteria	Bacillota	Desulfotomaculia	Desulfotomaculales	Desulfotomaculaceae	Desulfofarcimen
COL652	Bacteria	Bacillota	Bacilli	Thermoactinomycetales	Thermoactinomycetaceae	Geothermomicrobium
COL653	Bacteria	Bacteroidota	Bacteroidia	Chitinophagales	Chitinophagaceae	Lacibacter
COL654	Bacteria	Cyanobacteriota	Cyanobacteriia	Leptolyngbyales	Leptolyngbyaceae	NA
COL655	Bacteria	Chloroflexota	Chloroflexia	Chloroflexales	Chloroflexaceae	FFCH7168
COL656	Bacteria	Actinomycetota	Actinobacteria	Micromonosporales	Micromonosporaceae	Virgisporangium
COL657	Bacteria	Pseudomonadota	Gammaproteobacteria	Lysobacterales	Lysobacteraceae	NA
COL658	Bacteria	Planctomycetota	Planctomycetes	Gemmatales	Gemmataceae	NA
COL659	Bacteria	Pseudomonadota	Alphaproteobacteria	Sphingomonadales	Sphingomonadaceae	NA
COL660	Bacteria	Bacteroidota	Bacteroidia	Cytophagales	Hymenobacteraceae	Pontibacter
COL661	Bacteria	Verrucomicrobiota	Verrucomicrobiia	Opitutales	Opitutaceae	Diplosphaera
COL662	Bacteria	Pseudomonadota	Alphaproteobacteria	Hyphomicrobiales	NA	NA
COL663	Bacteria	Bdellovibrionota	Bdellovibrionia	Bdellovibrionales	Pseudobdellovibrionaceae	Pseudobdellovibrio
COL664	Bacteria	Chloroflexota	Anaerolineae	Aggregatilineales	Aggregatilineaceae	Aggregatilinea
COL665	Bacteria	Actinomycetota	Actinobacteria	Frankiales	Geodermatophilaceae	Blastococcus
COL666	Bacteria	Pseudomonadota	Alphaproteobacteria	Sphingomonadales	Sphingomonadaceae	Sphingopyxis
COL667	Bacteria	Bacteroidota	Bacteroidia	Cytophagales	Cytophagaceae	Rhodocytophaga
COL668	Bacteria	Bacteroidota	Bacteroidia	Chitinophagales	Chitinophagaceae	Flavisolibacter
COL669	Bacteria	Actinomycetota	Actinobacteria	Propionibacteriales	Nocardioidaceae	Kribbella
COL670	Bacteria	Deferrisomatota	Deferrisomatia	Deferrisomatales	Deferrisomataceae	Deferrisoma
COL671	Bacteria	Pseudomonadota	Alphaproteobacteria	Hyphomicrobiales	Rhizobiaceae	Aliihoeflea
COL672	Bacteria	Pseudomonadota	Gammaproteobacteria	Burkholderiales	Sulfuricellaceae	Sulfurirhabdus
COL673	Bacteria	Bacteroidota	Bacteroidia	Chitinophagales	Chitinophagaceae	Flavitalea
COL674	Bacteria	Chloroflexota	Anaerolineae	Aggregatilineales	A4b	OLB13
COL675	Bacteria	Actinomycetota	Actinobacteria	Frankiales	Nakamurellaceae	Nakamurella
COL676	Bacteria	Pseudomonadota	Gammaproteobacteria	Salinisphaerales	Nevskiaceae	NA
COL677	Bacteria	Cyanobacteriota	Cyanobacteriia	Cyanobacteriales	Nostocaceae	Tolypothrix
COL678	Bacteria	Bacteroidota	Bacteroidia	Chitinophagales	Chitinophagaceae	Chitinophaga
COL679	Bacteria	Bacillota	Clostridia	Clostridiales	Caloramatoraceae	Fonticella
COL680	Bacteria	Planctomycetota	Planctomycetes	Pirellulales	Pirellulaceae	Bremerella
COL681	Bacteria	Pseudomonadota	Alphaproteobacteria	Hyphomicrobiales	Labraceae	Labrys
COL682	Bacteria	Cyanobacteriota	Cyanobacteriia	Cyanobacteriales	NA	NA
COL683	Bacteria	Actinomycetota	Actinobacteria	Euzebyales	Euzebyaceae	Euzebya
COL684	Bacteria	Bacteroidota	Bacteroidia	Sphingobacteriales	Sphingobacteriaceae	Arcticibacter
COL685	Bacteria	Bacillota	Clostridia	Oscillospirales	Oscillospiraceae	Mageeibacillus
COL686	Bacteria	Bacteroidota	Bacteroidia	Chitinophagales	Chitinophagaceae	Ferruginibacter
COL687	Bacteria	Verrucomicrobiota	Verrucomicrobiia	NA	NA	NA
COL688	Bacteria	Bacteroidota	Bacteroidia	Chitinophagales	Chitinophagaceae	Niastella
COL689	Bacteria	Pseudomonadota	Gammaproteobacteria	Lysobacterales	Rhodanobacteraceae	NA
COL690	Bacteria	Pseudomonadota	Alphaproteobacteria	Rickettsiales	Rickettsiaceae	NA
COL691	Bacteria	Bacteroidota	Bacteroidia	Flavobacteriales	Crocinitomicaceae	Crocinitomix
COL692	Bacteria	Pseudomonadota	Gammaproteobacteria	Legionellales	Legionellaceae	NA
COL693	Bacteria	Pseudomonadota	Gammaproteobacteria	Acidiferrobacterales	Acidiferrobacteraceae	Sulfurifustis
COL694	Bacteria	Bacteroidota	Bacteroidia	Chitinophagales	Chitinophagaceae	Parafilimonas
COL695	Bacteria	Acidobacteriota	Blastocatellia	Blastocatellales	Blastocatellaceae	OLB17
COL696	Bacteria	Acidobacteriota	Blastocatellia	Blastocatellales	Blastocatellaceae	NA
COL697	Bacteria	Bacteroidota	Bacteroidia	Chitinophagales	Chitinophagaceae	UTBCD1
COL698	Bacteria	Planctomycetota	NA	NA	NA	NA
COL699	Bacteria	Armatimonadota	Armatimonadia	Armatimonadales	Armatimonadaceae	Armatimonas
COL700	Bacteria	Bacteroidota	Bacteroidia	Cytophagales	Cyclobacteriaceae	NA
COL701	Bacteria	Pseudomonadota	Gammaproteobacteria	Methylococcales	Methylomonadaceae	Methylobacter
COL702	Bacteria	Verrucomicrobiota	Verrucomicrobiia	Pedosphaerales	Pedosphaeraceae	Pedosphaera
COL703	Bacteria	Dependentiae	Babeliae	Babeliales	NA	NA
COL704	Bacteria	Planctomycetota	Planctomycetes	Gemmatales	Gemmataceae	Fimbriiglobus
COL705	Bacteria	Pseudomonadota	Alphaproteobacteria	Rickettsiales	Midichloriaceae	NA
COL706	Bacteria	Bacteroidota	Bacteroidia	Sphingobacteriales	Sphingobacteriaceae	Solitalea
COL707	Bacteria	Bacteroidota	Bacteroidia	Cytophagales	Cyclobacteriaceae	Imperialibacter
COL708	Bacteria	Bacteroidota	Bacteroidia	Bacteroidales	Paludibacteraceae	H1
COL709	Bacteria	Planctomycetota	Planctomycetes	NA	NA	NA
COL710	Bacteria	Chloroflexota	Anaerolineae	Anaerolineales	Anaerolineaceae	Anaerolinea
COL711	Bacteria	Actinomycetota	Actinobacteria	Actinomycetales	Actinomycetaceae	F0332
COL712	Bacteria	Pseudomonadota	Gammaproteobacteria	Burkholderiales	Burkholderiaceae	Lautropia
COL713	Bacteria	Pseudomonadota	Alphaproteobacteria	Hyphomicrobiales	Beijerinckiaceae	Lichenibacterium
COL714	Bacteria	Cyanobacteriota	Cyanobacteriia	NA	NA	NA
COL715	Bacteria	Myxococcota	NA	NA	NA	NA
COL716	Bacteria	Chloroflexota	Ktedonobacteria	Ktedonobacterales	Ktedonobacteraceae	FCPS473
COL717	Bacteria	Actinomycetota	Actinobacteria	Frankiales	NA	NA
COL718	Bacteria	Actinomycetota	Thermoleophilia	Gaiellales	NA	NA
